1,Abington Board of Health,,,,,(781) 982-2119,olightly@abingtonma.gov,500 Gliniewicz Way RM 109
Abington, MA 02351-2058
2,Acton Health Department,,,,,(978) 929-6632,all@acton-ma.gov,472 Main St
Acton, MA 01720-3939
3,Acushnet Health Department,,,,,(508) 998-0275,h@acushnet.ma.us,130 Main St
Acushnet, MA 02743-1594
4,Adams Board of Health,,,,,(413) 743-8330,oster@town.adams.ma.usz,8 Park St
Adams, MA 01220-2053
5,Agawam Health Department,,,,,(413) 786-0400 (207),alth@agawam.ma.us,36 Main St
Agawam, MA 01001-1801
6,Alford Board of Health,,,,,(413) 528-4536,ford@berkshire.net,5 Alford Center Rd
Great Barrington, MA 01230-8920
7,Amesbury Health Department,http://www.ci.amesbury.ma.us,,,,(978) 388-8133,orris@salisburyma.gov,9 School St
Amesbury, MA 01913-2812
8,Amherst Health Department,http://www.amherstma.gov/departments/Health/default.asp?id=24&mypage=24&myName=Health,,,,(413) 259-3077,odhi@amherstma.gov,70 Boltwood Walk
Amherst, MA 01002-2271
9,Andover Health Division,,,,,(978) 490-6671,anne.belanger@andoverma.gov,36 Bartlet St
Andover, MA 01810-3813
10,Aquinnah Board of Health,,,,,(508) 645-2307,uinnahboardofhealth@comcast.net,65 State Rd
Aquinnah, MA 02535-1345
11,Arlington Board of Health,,,,,(781) 316-3170,onnolly@town.arlington.ma.us,27 Maple St
Arlington, MA 02476-4976
12,Ashburn Board of Health,,,,,(978) 827-4100 (117),oward@ashburnham-ma.gov,32 Main St
Ashburnham, MA 01430-1241
13,Ashby Board of Health,,,,,(978) 386-2424 (19),arreffi@nashoba.org,895 Main St
Ashby, MA 01431-2322
14,Ashland Board of Health,,,,,(508) 881-0100 (61),ram@ashlandmass.com,101 Main St
Ashland, MA 01721-3108
15,Athol Board of Health,,,,,(978) 249-7934,h@townofathol.org,584 Main St Ste 1
Athol, MA 01331-1824
16,Attleboro Health Department,http://www.ci.attleboro.ma.us,,,,(508) 223-2222 (3242),althagent@cityofattleboro.us,77 Park St
Attleboro, MA 02703-2334
17,Auburn Health Department,http://auburnguide.com,,,,(508) 832-7703,ossik@town.auburn.ma.us,104 Central St
Auburn, MA 01501-2310
18,Avon Board of Health,,,,,(508) 588-0414,aldron@avon-ma.gov,65 E Main St
Avon, MA 02322-1435
19,Ayer Board of Health,http://ayer.ma.us,,,,(978) 772-8213,h@ayer.ma.us,1 Main St
Ayer, MA 01432-1325
20,Barnstable County Health/Environmental Department,,,,,(508) 375-6613,allace@barnstablecounty.org,3195 Main St
Barnstable, MA 02630-1105
21,Barnstable Town Health Department,,,,,(508) 862-4644,alth@town.barnstable.ma.us,200 Main St
Hyannis, MA 02601-4002
22,Barre Board of Health/Health Department,,,,,(978) 355-5002,hagent@yahoo.com,PO BOX 431
Barre, MA 01005-0431
23,Becket Board of Health,,,,,(413) 623-8934 (22),alth@townofbecket.org,557 Main St
Becket, MA 01223-3252
24,Bedford Board of Health,,,,,(781) 275-6507,orter@bedfordma.gov,12 Mudge Way
Bedford, MA 01730-2147
25,Bellingham Board of Health,,,,,(508) 657-2860,ardofhealth@bellinghamma.org,10 Mechanic St
Bellingham, MA 02019-3150
26,Belmont Health Department,,,,,(617) 993-2720,raun@belmont-ma.gov,PO BOX 56
Belmont, MA 02478-0900
27,Beltchertown Board of Health,http://www.belchertown.org,,,,(413) 323-0406,etcalf@townofware.com,PO BOX 670
Belchertown, MA 01007-0670
28,Berkley Health Department,,,,,(508) 822-7828,rkleyboh@yahoo.com,1 N Main St
Berkley, MA 02779-1336
29,Berlin Board of Health,,,,,(978) 838-0214,rookings@nashoba.org,23 Linden St
Berlin, MA 01503-1669
30,Bernardston Board of Health,,,,,(413) 648-5237,h@townofbernardston.org,PO BOX 504
Bernardston, MA 01337-0504
31,Billerica Health Department,,,,,(978) 671-0931,erube@town.billerica.ma.us,365 Boston Rd
Billerica, MA 01821-8800
32,Blackstone Board of Health,,,,,(508) 883-1500,trapponi@townofblackstone.org,15 Saint Paul St
Blackstone, MA 01504-2212
33,Blandford Board of Health,,,,,(413) 648-2782,,PO BOX 141
Blandford, MA 01008-0141
34,Bolton Board of Health,,,,,(978) 779-2297,h@townofbolton.com,663 Main St
Bolton, MA 01740-1307
35,Boston Public Health Commission,http://www.bphc.org,,,,(617) 534-5395,fo@bphc.org,1010 Massachusetts Ave
Boston, MA 02118-2600
36,Bourne Health Department,http://www.townofbourne.com,,,,(508) 759-0615,offin@townofbourne.com,24 Perry Ave
Buzzards Bay, MA 02532-3441
37,Boxborough Board of Health,,,,,(978) 263-1116 (115),arreffi@nashoba.org,29 Middle Rd
Boxborough, MA 01719-1402
38,Boxford Health Department,,,,,(978) 887-6000 (172),ongo@town.boxford.ma.us,7A Spofford Rd
Boxford, MA 01921-1501
39,Boylston Board of Health,,,,,(508) 869-6828,ich@boylston-ma.gov,221 Main St
Boylston, MA 01505-2037
40,Braintree Board of Health,,,,,(781) 794-8090,cgrath@braintreema.gov,1 Jfk Memorial Drive
Braintree, MA 02184
41,Brewster Health Department,,,,,(508) 896-3701 (120),health@town.brewster.ma.us,2198 Main St
Brewster, MA 02631-1852
42,Bridgewater Board of Health,,,,,(508) 697-0903,adger@bridgewaterma.org,151 High St
Bridgewater, MA 02324-1505
43,Brimfield Health Department,,,,,(774) 230-4266,imfieldboh@verizon.net,23 Main St
Brimfield, MA 01010-9744
44,Brockton Health Department,,,,,(508) 580-7175,artaglia@ci.brockton.ma.us,45 School ST # 5
Brockton, MA 02301-4049
45,Brookfield Health Department,http://www.brookfieldma.us,,,,(508) 867-2930 (22),seery@brookfieldma.us,6 Central St
Brookfield, MA 01506-1612
46,Brookline Department of Public Health,http://www.townofbrooklinemass.com,,,,(617) 730-2300,ett@brooklinema.gov,11 Pierce St
Brookline, MA 02445-7807
47,Buckland Health Department,http://www.bucklandma.us,,,,(413) 625-6330,auerlein@gmail.com,17 State St
Shelburne Falls, MA 01370-1011
48,Burlington Board of Health,,,,,(781) 270-1955,umenello@burlmass.org,61 Center St #1
Burlington, MA 01803-3033
49,Cambridge Public Health Department,http://www.cambridgepublichealth.org,,,,(617) 665-3810,acob@challiance.org,119 Windsor St Fl Ground
Cambridge, MA 02139-3647
50,Canton Board of Health,,,,,(781) 821-5021,iccotelli@town.canton.ma.us,79 Pleasant St
Canton, MA 02021-2231
51,Carlisle Health Department,http://www.carlislema.gov,,,,(978) 369-0283,antasia@carlislema.gov,66 Westford St
Carlisle, MA 01741-1506
52,Carver Health Department,,,,,(508) 866-3420,elby.Blair@carverma.org,108 Main St
Carver, MA 02330-2025
53,Charlemont Board of Health,,,,,(413) 339-4891,ctobds@bcn.net,157 Main St
Charlemont, MA 01339-9703
54,Charlton Board of Health,,,,,(508) 248-2210,mes.Philbrook@TownOfCharlton.net,37 Main St
Charlton, MA 01507-1382
55,Chatham Board of Health,,,,,(508) 945-5165,iorgio@chatham-ma.gov,261 George Ryder Rd
Chatham, MA 02633-1618
56,Chelmsford Board of Health,http://www.townhall.chelmsford.ma.us,,,,(978) 250-5241,osa@TownofChelmsford.US,50 Billerica RD RM 102
Chelmsford, MA 01824-3102
57,Chelsea Department of Health and Human Services,http://www.chelseama.gov,,,,(617) 466-4090,rado@chelseama.gov,500 Broadway
Chelsea, MA 02150-2948
58,Cheshire Board of Health,,,,,(413) 743-1690 (7),h@cheshire-ma.gov,80 Church St
Cheshire, MA 01225-9657
59,Chester Health Department,,,,,(413) 354-7712,blepc_help@yahoo.com,25 Taft Rd
Chester, MA 01011-9680
60,Chesterfield Board of Health,,,,,(413) 296-4771,nshawwells@aol.com,PO BOX 89
Chesterfield, MA 01012-0089
61,Chicopee Health Department,http://www.chicopee.ma.us,,,,(413) 594-1665,pencer@chicopeema.gov,15 Court St
Chicopee, MA 01020-1885
62,Chilmark Board of Health,http://www.ci.chilmark.ma.us,,,,(508) 645-2105,eomans@ci.chilmark.ma.us,PO BOX 119
Chilmark, MA 02535-0119
63,City of Beverly Health Department,,,,,(978) 921-8591,urke@beverlyma.gov,90 Colon St
Beverly, MA 01915-3604
64,City of Lowell Health Department,,,,,(978) 674-1050,igroux@lowellma.gov,341 Pine St
Lowell, MA 01851-3101
65,City of Peabody,,,,,(978) 538-5920 (345),aron.cameron@peabody-ma.gov,24 Lowell St
Peabody, MA 01960-5449
66,City of Worcester, Division of Public Health,http://www.ci.worcester.ma.us,,,,(508) 799-8531,arkke@worcesterma.gov,25 Meade ST
Worcester, MA 01610-2715
67,Clarksburg Board of Health,,,,,(413) 663-7940,wells@yahoo.com,111 River Rd
Clarksburg, MA 01247-2147
68,Clinton Board of Health,,,,,(978) 365-4116,bonci@comcast.net,242 Church St
Clinton, MA 01510-2631
69,Cohasset Board of Health,http://cohasset.com,,,,(781) 383-4116,ahey@cohasset.com,41 Highland Ave
Cohasset, MA 02025-1822
70,Colrain Board of Health,,,,,(413) 624-3454,ficeclerck@colrain-ma.gov,55 Main Rd
Colrain, MA 01340-5501
71,Concord Board of Health,,,,,(978) 318-3275,eagor@concordma.gov,141 Keyes Rd
Concord, MA 01742-1601
72,Conway Board of Health,,,,,(413) 369-4235,ardofhealth@townofconway.com,PO BOX 240
Conway, MA 01341-0240
73,County of Dukes County,http://www.dukescounty.org/Pages/DukesCountyMA_ACHCA/index,,,,(508) 696-3844,enejklein@aol.com,PO BOX 190
Edgartown, MA 02539-0190
74,Cummington Health Department,,,,,(413) 634-5757,h@cummington-ma.gov,PO BOX 78
Cummington, MA 01026-0078
75,Dalton Health Department,,,,,(413) 684-6111 (20),ahey@dalton-ma.gov,462 Main St
Dalton, MA 01226-1697
76,Danvers Board of Health,http://www.danversma.gov,,,,(978) 777-0001 (3022),arleo@danversma.gov,1 Sylvan St
Danvers, MA 01923-2790
77,Dartmouth Board of Health,,,,,(508) 910-1804,enderson@town.dartmouth.ma.us,400 Slocum Rd
Dartmouth, MA 02747-3234
78,Dedham Board of Health,http://www.dedham-ma.gov/index.cfm?pid=11783,,,,(781) 751-9220,ardinale@dedham-ma.gov,26 Bryant St
Dedham, MA 02026-4458
79,Deerfield Health Department,,,,,(413) 665-1400 (110),alisewski@town.deerfield.ma.us,8 Conway St
South Deerfield, MA 01373-1021
80,Dighton Health Department,,,,,(508) 669-5182,ardofselectmen@townofdighton.com,979 Somerset Ave
Dighton, MA 02715
81,Douglas Board of Health,,,,,(508) 476-4000,acon@douglasma.org,29 Depot St
Douglas, MA 01516-2323
82,Dover Board of Health,,,,,(508) 785-0032,h@doverma.org,PO BOX 250
Dover, MA 02030-0250
83,Dracut Health Department,http://dracutma.gov,,,,(978) 453-8162,uellette@dracutma.gov,11 Spring Park Ave
Dracut, MA 01826-3829
84,Dudley Board of Health,,,,,(508) 949-8017,h@dudleyma.gov,71 W Main St
Dudley, MA 01571-3264
85,Dunstable Board of Health,http://www.dunstable-ma.gov,,,,(978) 649-4514 (229),alth@dunstable-ma.gov,PO BOX 268
Dunstable, MA 01827-0268
86,Duxbury Board of Health,http://www.town.duxbury.ma.us,,,,(781) 934-1100,yo@town.duxbury.ma.us,878 Tremont St
Duxbury, MA 02332-4455
87,East Bridgewater Board of Health,,,,,(508) 378-1612,hilbrick@ebmass.com,175 Central St
East Bridgewater, MA 02333-1912
88,East Brookfield Health Department,,,,,(508) 867-6769 (307),boh0343@eastbrookfieldma.us,122 Connie Mack Dr
East Brookfield, MA 01515-1802
89,East Longmeadow Health Department,http://www.eastlongmeadow.org,,,,(413) 525-5400 (1105),mee.petroskyt@eastlongmeadowma.gov,60 Center Sq
East Longmeadow, MA 01028-2486
90,Eastern Franklin County Health District,,,,,(413) 549-3710,anddp@charter.net,PO BOX 240
Hadley, MA 01035-0240
91,Eastham Board of Health,,,,,(508) 240-5907 (229),rowley@eastham-ma.gov,2500 State Hwy
Eastham, MA 02642-2589
92,Easthampton Health Department,,,,,(413) 529-1430,alth@easthampton.org,50 Payson Ave Ste 145
Easthampton, MA 01027-2276
93,Easton Board of Health,,,,,(508) 230-0620,aylor@easton.ma.us,136 Elm St
North Easton, MA 02356-1462
94,Edgartown Board of Health,,,,,(508) 627-6120,oole@edgartown-ma.us,PO BOX 1596
Edgartown, MA 02539-1596
95,Egremont Health Department,,,,,(413) 528-0182 (22),aas@egremont-ma.gov,PO BOX 368
South Egremont, MA 01258-0368
96,Erving Board of Health,http://www.erving-ma.org,,,,(413) 422-2800,vingbos@comcast.net,12 E Main St
Erving, MA 01344-9717
97,Essex Board of Health,http://www.essexma.org,,,,(978) 768-7614,irchner@essexma.org,30 Martin St
Essex, MA 01929-1235
98,Everett Health Department,http://www.ci.everett.ma.us,,,,(617) 394-2255,ane.silva@ci.everett.ma.us,484 Broadway Rm 20
Everett, MA 02149-3694
99,Fairhaven Board of Health,,,,,(508) 979-4022,h@fairhaven-ma.gov,40 Center St
Fairhaven, MA 02719-2932
100,Fall River Health Department,http://www.fallriverma.org/health/health_main.asp,,,,(508) 324-2410,aillancourt@fallriverma.org,1 Government Ctr
Fall River, MA 02722-7700
101,Falmouth Health Department,,,,,(508) 495-7485,alth@falmouthma.gov,59 Town Hall Sq
Falmouth, MA 02540-2761
102,Fitchburg Health Department,,,,,(508) 799-8482,urry@ci.fitchburg.ma.us,166 Boulder Dr Ste 108
Fitchburg, MA 01420-3168
103,Florida Health Department,,,,,(413) 664-6685,oridaboh@direcway.com,367 Mohawk Trl
Drury, MA 01343-9606
104,Foothills Health District,,,,,(413) 268-8404,othillshealth@yahoo.com,PO BOX 447
Haydenville, MA 01039-0447
105,Foxborough Health Department,,,,,(508) 543-1207,ajdel@foxboroughma.gov,40 South St
Foxboro, MA 02035-2397
106,Framingham Health Department,http://www.framinghamma.gov,,,,(508) 532-5470,rds@worcesterma.gov,150 Concord St Rm 221
Framingham, MA 01702-8306
107,Franklin Board of Health,http://franklinma.virtualtownhall.net/Pages/FranklinMA_Health/index,,,,(508) 520-4905,iberty@franklin.ma.us,355 E Central St
Franklin, MA 02038-1352
108,Franklin Regional Council of Governments,http://www.frcog.org,https://twitter.com/franklincog,,,(413) 774-3167 (119),enayers@frcog.org,12 Olive St Ste 2
Greenfield, MA 01301-3351
109,Freetown Health Department,,,,,(508) 644-2202,acedo@freetownma.gov,PO BOX 438
Assonet, MA 02702-0438
110,Gardner Health Department/Board of Health,,,,,(978) 630-4013,aunders@gardner-ma.gov,95 Pleasant St Ste 29
Gardner, MA 01440-2630
111,Georgetown Board of Health,,,,,(978) 352-5720,ogers@georgetownma.gov,1 Library St
Georgetown, MA 01833-2058
112,Gill Board of Health,,,,,(413) 863-9347,alth@gillmass.org,325 Main Rd
Gill, MA 01354-9758
113,Gloucester Health Department,http://www.gloucester-ma.gov,,,,(978) 281-9771,leary@gloucester-ma.gov,3 Pond RD
Gloucester, MA 01930-1834
114,Goshen Board of Health,http://www.goshen-ma.us/home/departments/board-of-health,,,,413-268-8236 (110),ellper@gmail.com,40 Main St
Goshen, MA 01032-9610
115,Gosnold Health Department,,,,,(508) 990-7408,snoldtownclerk@yahoo.com,Cuttyhunk Island
Gosnold, MA 02713
116,Grafton Board Health Department,https://www.grafton-ma.gov/board-health/pages/board-health-services,,,,(508) 839-5335 (1119),althdept@grafton-ma.gov,30 Providence Rd
Grafton, MA 01519-1511
117,Granby Board of Health,,,,,(413) 467-9886,anby4172@comcast.net,215B W State St
Granby, MA 01033
118,Granville Health Department,,,,,(413) 357-8585,martin@townofgranville.org,PO BOX 247
Granville, MA 01034-0247
119,Great Barrington Health Department,http://www.townofgb.org/Pages/GBarringtonMA_Health/index,,,,413-528-0680,urczyk@townofgb.org,334 Main St
Great Barrington, MA 01230-1845
120,Greenfield Health Department,http://www.greenfield-ma.gov,,,,413-772-1404 (2100),lerie.bird@greenfield-ma.gov,14 Court Sq
Greenfield, MA 01301-3547
121,Groton Township Board of Health,http://townofgroton.org,,,,(978) 448-1120,alth@townofgroton.org,173 Main St
Groton, MA 01450-4231
122,Groveland Health Department,,,,,(978) 556-7200,ENTSEN@GROVELANDMA.COM,183 Main St
Groveland, MA 01834-1377
123,Hadley Board of Health,http://www.hadleyma.org,,,,(413) 586-7274,alth@hadleyma.org,100 Middle St
Hadley, MA 01035-9429
124,Halifax Board of Health,,,,,(781) 293-6768,rinan@town.halifax.ma.us,499 Plymouth St
Halifax, MA 02338-1338
125,Hamilton Health Department,,,,,(978) 468-5579,acobi@hamiltonma.gov,PO BOX 429
Hamilton, MA 01936-0429
126,Hampden Health Department,,,,,(413) 566-2152,h@monson-ma.gov,625 Main St
Hampden, MA 01036-9000
127,Hancock Health Department,,,,,(413) 738-5326,elina@bcn.net,PO BOX 1084
Hancock, MA 01237-1084
128,Hanover Board of Health,,,,,(781) 826-4611,ilding@hanover-ma.gov,550 Hanover St Ste 17
Hanover, MA 02339-2242
129,Hanson Health Department/Board of Health,,,,,(781) 293-3138,anis@hanson-ma.gov,542 Liberty St
Hanson, MA 02341-1627
130,Hardwick Board of Health,,,,,(413) 477-6702 (108),h@townofhardwick.com,PO BOX 575
Gilbertville, MA 01031-0575
131,Harvard Township Board of Health,http://harvard.ma.us,,,,(978) 456-4106,h@harvard.ma.us,13 Ayer Rd
Harvard, MA 01451-1461
132,Harwich Health Department,,,,,(508) 430-7509,alth@town.harwich.ma.us,732 Main St
Harwich, MA 02645-2717
133,Hatfield Health Department,http://www.townofhatfield.org,,,,(413) 247-9211,ardofhealth@townofhatfield.org,59 Main St
Hatfield, MA 01038-9702
134,Haverhill Health and Inspectional Services,http://www.ci.haverhill.ma.us,,,,(978) 374-2325,tewart@cityofhaverhill.com,4 Summer St Ste 210
Haverhill, MA 01830-5843
135,Hawley Board of Health,,,,,(413) 339-5518,wleyhealth@hughes.net,8 Pudding Hollow Rd
Hawley, MA 01339-9621
136,Heath Health Department,,,,,(413) 337-4934,h@townofheath.org,1 E Main St
Heath, MA 01346-9706
137,Hingham Health Department,http://www.hingham-ma.gov/health/index.html,,,,(781) 741-1466,althdirector@hingham-ma.gov,210 Central St
Hingham, MA 02043-2756
138,Hinsdale Board of Health,,,,,(413) 655-2311,j.jjj@netzero.com,PO BOX 1082
Hinsdale, MA 01235-1082
139,Holbrook Board of Health,,,,,(781) 767-3030,alth_board@holbrookmassachusetts.us,50 N Franklin St
Holbrook, MA 02343-1560
140,Holden Board of Health,,,,,(508) 210-5542,althagent@holdenma.gov,1196 Main St
Holden, MA 01520-1016
141,Holland Board of Health,,,,,(413) 245-7108 (112),h@townofholland.necoxmail.com,27 Sturbridge Rd
Holland, MA 01521-3151
142,Holliston Board of Health,,,,,(508) 429-0605,less@holliston.k12.ma.us,703 Washington St
Holliston, MA 01746-2168
143,Holyoke Health Department,http://www.holyoke.org,,,,(413) 322-5595,tzgerb@holyoke.org,20 Korean Veterans Plz Rm 306
Holyoke, MA 01040-5000
144,Hopedale Board of Health,,,,,(508) 634-2202 (222),ZZO@WellesleyMA.gov,PO BOX 7
Hopedale, MA 01747-0007
145,Hopkinton Health Department,,,,,(508) 497-9725,cauliffe@hopkintonma.gov,18 Main St
Hopkinton, MA 01748-1212
146,Hubbardston Health Department,http://www.hubbardstonma.us,,,,(978) 928-1404,alth@hubbardstonma.us,7 Main St Unit 2
Hubbardston, MA 01452-1451
147,Hudson Board of Health,http://hudsonhealthdept.org,https://twitter.com/HudsonBOH,,,(978) 562-2020,alo@townofhudson.org,78 Main St
Hudson, MA 01749-2180
148,Hull Board of Health,http://town.hull.ma.us,,,,781-925-2000,ullivan@town.hull.ma.us,253 Atlantic Ave
Hull, MA 02045-3215
149,Huntington Health Department,,,,,(413) 667-3511,ntingtonsb@comcast.net,PO BOX 433
Huntington, MA 01050-0433
150,Ipswich Board of Health,http://ipswichma.gov,,,,(978) 356-6606 (4),lleenf@ipswichma.gov,25 Green St
Ipswich, MA 01938-2229
151,Kingston Health Department,,,,,(781) 585-0503,alters@kingstonmass.org,26 Green St
Kingston, MA 02364
152,Lakeville Board of Health,,,,,(508) 946-3473,ernardo@lakevillema.org,346 Bedford St
Lakeville, MA 02347-2150
153,Lancaster Board of Health,,,,,(978) 368-4000,ennis@lancasterma.net,695 Main St
Lancaster, MA 01523-2294
154,Lanesborough Health Department,,,,,(413) 442-1167 (28),cretary@richmondma.org,PO BOX 1492
Lanesboro, MA 01237-1492
155,Lawrence Health Department,,,,,(978) 620-3260,urke@cityoflawrence.com,200 Common St Ste 209
Lawrence, MA 01840-1517
156,Leicester Health Department,,,,,(508) 892-7008,anarsdalen@leicesterma.org,3 Washburn Sq
Leicester, MA 01524-1333
157,Lenox Board of Health,,,,,,chary@tritownhealth.org,6 Walker St
Lenox, MA 01240-2767
158,Leominster Health Department,http://www.leominster-ma.gov,,,,(978) 534-7533 (249),nuth@leominster-ma.gov,25 West St
Leominster, MA 01453-5699
159,Leverett Health Department,,,,,413-548-1022 (2),sistant@leverett.ma.us,9 Montague Rd
Leverett, MA 01054-9725
160,Lexington Board of Health,https://www.lexingtonma.gov/public-health,,,,(781) 698-4503 (237),asportas@ci.lexington.ma.us,1625 Massachusetts Ave
Lexington, MA 02420-3801
161,Leyden Board of Health,,,,,(413) 774-4111,kbd1017@gmail.com,16 W Leyden Rd
Leyden, MA 01337-9737
162,Lincoln Health Department,http://www.lincolntown.org,,,,(781) 256-2613,rrolle@lincolntown.org,16 Lincoln Rd
Lincoln, MA 01773-2009
163,Littleton Township Board of Health,,,,,(978) 952-2313,arreffi@nashoba.org,37 Shattuck St
Littleton, MA 01460-1263
164,Longmeadow Board of Health,,,,,(413) 565-4140,irschhorn@longmeadow.org,20 Williams St
Longmeadow, MA 01106-1950
165,Ludlow Board of Health,http://www.ludlow.ma.us,,,,(413) 583-5600 (1271),alth@ludlow.ma.us,488 Chapin St
Ludlow, MA 01056-2523
166,Lunenburg Board of Health,,,,,(978) 582-4135,arreffi@nashoba.org,PO BOX 135
Lunenburg, MA 01462-0135
167,Lynn Health Department,,,,,(781) 598-4000 (6828),connor@ci.lynn.ma.us,3 City Hall Sq Ste 401
Lynn, MA 01901-1028
168,Lynnfield Board of Health,,,,,(781) 334-9480,crae@town.lynnfield.ma.us,55 Summer St
Lynnfield, MA 01940-1861
169,Malden Board of Health,,,,,(781) 397-7043,h@cityofmalden.org,200 Pleasant St Rm 517
Malden, MA 02148-4802
170,Manchester-by-the-Sea Board of Health,http://www.manchester.ma.us,,,,(978) 526-7385,nnb@manchester.ma.us,10 Central St
Manchester, MA 01944-1354
171,Mansfield Board of Health,,,,,(508) 261-7366,almer@mansfieldma.com,6 Park Row
Mansfield, MA 02048-2433
172,Marblehead Health Department,,,,,(781) 631-0212,ttya@marblehead.org,7 Widger Rd
Marblehead, MA 01945-2197
173,Marion Township Health Department,,,,,(508) 748-3530,alega@townofrochester.com,2 Spring St
Marion, MA 02738-1519
174,Marlborough Health Department,,,,,(508) 460-3751,iberty@marlborough-ma.gov,255 Main St Rm 101
Marlborough, MA 01752-5505
175,Marshfield Health Department,,,,,(781) 834-5558,alabella@townofmarshfield.org,870 Moraine St
Marshfield, MA 02050-3498
176,Mashpee Health Department,,,,,(508) 539-1426 (555),oulos@mashpeema.gov,16 Great Neck Rd N
Mashpee, MA 02649-2528
177,Massachusetts Department of Public Health,http://www.mass.gov,,,,617-983-6800,h.emergencypreparedness@state.ma.us,250 Washington St Fl 2Nd
Boston, MA 02108-4603
178,Mattapoisett Health Department,,,,,(508) 758-4100 (8),ofhealth@mattapoisett.net,16 Main St
Mattapoisett, MA 02739
179,Maynard Board of Health,,,,,(978) 897-1002,awluczonek@townofmaynard.net,195 Main St
Maynard, MA 01754-2509
180,Medfield Board of Health,,,,,(508) 359-8505 (604),ennotti@medfield.net,459 Main St
Medfield, MA 02052-2009
181,Medford Department of Public Health,,,,,(781) 393-2560,connor@medford-ma.gov,85 George P Hassett Dr Rm 311
Medford, MA 02155-3256
182,Medway Board of Health,,,,,(508) 533-3206,allal@townofmedway.org,155 Village St
Medway, MA 02053-1147
183,Melrose Health Department,,,,,(781) 979-4130,lay@cityofmelrose.org,562 Main St
Melrose, MA 02176-3142
184,Mendon Board of Health,http://www.mendonma.net/depts/pages/municipal-pages/boards-and-committees/board-of-health.php,,,,(508) 634-2656,h@mendonma.net,20 Main St
Mendon, MA 01756-1191
185,Merrimac Board of Health,,,,,(978) 346-4066,althagent@townofmerrimac.com,2 School St
Merrimac, MA 01860-1915
186,Methuen Health Department,https://www.cityofmethuen.net/health-division,,,,(978) 983-8655,wing@ci.methuen.ma.us,41 Pleasant St Ste 203
Methuen, MA 01844-3179
187,Middleborough Health Department,,,,,(508) 946-2408,razier@middleborough.com,20 Centre St
Middleboro, MA 02346-2270
188,Middlefield Health Department,,,,,(413) 623-8966,,188 Skyline Trl
Middlefield, MA 01243
189,Middleton Board of Health,http://www.middletonma.gov,,,,(978) 774-1869,rek.fullerton@middletonma.gov,195 N Main ST
Middleton, MA 01949-1655
190,Milford Board of Health,,,,,(508) 634-2315,amagni@townofmilford.com,52 Main St
Milford, MA 01757-2611
191,Millbury Health Department,,,,,(508) 865-4721,indisid@ci.worcester.ma.us,127 Elm St
Millbury, MA 01527-2632
192,Millis Board of Health,,,,,(508) 376-7042,allal@millis.net,900 Main St Rm 213
Millis, MA 02054-1512
193,Millville Board of Health,,,,,(508) 883-5041,ardofhealth@millville.org,PO BOX 703
Millville, MA 01529-0703
194,Milton Health Department,,,,,(617) 898-4886,insella@townofmilton.org,525 Canton Ave
Milton, MA 02186-3240
195,Monroe Board of Health,,,,,(413) 424-5272,,3C School St
Monroe, MA 01350-9600
196,Monson Board of Health,,,,,(413) 267-4107,h@monson-ma.gov,29 Thompson St
Monson, MA 01057-1014
197,Montague Health Department,http://www.montague.net,,,,(413) 863-3200 (205),althdir@montague-ma.gov,1 Avenue A
Turners Falls, MA 01376-1128
198,Monterey Board of Health,,,,,(413) 243-5540,wnmont@verizon.net,435 Main Rd
Monterey, MA 01245
199,Montgomery Health Department,,,,,(413) 862-3386,ardOfHealth@MontgomeryMA.gov,161 Main Rd
Montgomery, MA 01085-9525
200,Mount Washington Health Department,,,,,(413) 528-2839,l@taconic.net,Road 3
Mount Washington, MA 01258-0067
201,Nahant Board of Health,,,,,(781) 581-0088,ulonj@verizon.net,334 Nahant Rd
Nahant, MA 01908-1469
202,Nantucket Health Department,http://www.nantucket-ma.gov,,,,5083257587x7020,ay@nantucket-ma.gov,2 Fairgrounds Rd
Nantucket, MA 02554-2804
203,Nashoba Associated Boards of Health,http://www.nashoba.org,,,,(978) 772-3335,arreffi@nashoba.org,30 Central Ave
Ayer, MA 01432-1423
204,Natick Board of Health,http://townofnatick.com,,,,(508) 647-6460,hite@natickma.org,13 E Central St
Natick, MA 01760-4629
205,Needham Health Department,http://www.needhamma.gov/publichealth,https://twitter.com/Needham_Health,,,(781) 455-7500,cdonald@needhamma.gov,1471 Highland Ave Rm 24
Needham, MA 02492-2605
206,New Ashford Health Department,,,,,(413) 458-5485,,188 Mallery Rd
New Ashford, MA 01237
207,New Bedford Health Department,http://www.ci.new-bedford.ma.us,,,,(508) 991-6199,mon.chaplin@newbedford-ma.gov,1213 Purchase St
New Bedford, MA 02740-6694
208,New Braintree Health Department,,,,,(508) 867-2071,brntreeboh1@aol.com,20 Memorial Dr
New Braintree, MA 01531-1743
209,New Marlborough Board of Health,,,,,(413) 229-8469,h@new-marlborough.ma.us,PO BOX 99
Mill River, MA 01244-0099
210,New Salem Health Department,,,,,(978) 544-9673,nacrete55@gmail.com,19 S Main St
New Salem, MA 01355-9713
211,Newbury Board of Health,,,,,(978) 465-0862 (316),ogers@georgetownma.gov,25 High Rd
Newbury, MA 01951-1236
212,Newburyport Health Department,http://www.cityofnewburyport.com,,,,(978) 465-4410,iacalone@cityofnewburyport.com,60 Pleasant St
Newburyport, MA 01950-2627
213,Newton Health Department,http://www.ci.newton.ma.us,,,,(617) 796-1420,alsh@newtonma.gov,1294 Centre St
Newton, MA 02459-1544
214,Norfolk Health Department,http://www.virtualnorfolk.org,,,,(508) 528-7747,jol@virtualnorfolk.org,1 Liberty Ln
Norfolk, MA 02056-1499
215,North Adams Health Department,http://www.northadams-ma.gov,,,,(413) 662-3020,alth_director@northadams-ma.gov,10 Main St
North Adams, MA 01247-3419
216,North Andover Board of Health,http://www.townofnorthandover.com/Pages/NAndoverMA_Health/index,,,,(978) 688-9540,agrasse@townofnorthandover.com,1600 Osgood St
North Andover, MA 01845-1048
217,North Attleboro Health Department,,,,,(508) 699-0103,enizkurt@nattleboro.com,43 S Washington St
North Attleboro, MA 02760-1642
218,North Brookfield Health Department,,,,,(508) 867-0201,alth@northbrookfield.net,14 Bell Rd
North Brookfield, MA 01535-1506
219,North Reading Board of Health,,,,,(978) 357-5242,racy@northreadingma.gov,235 North St
North Reading, MA 01864-1234
220,Northampton Board of Health,http://www.northamptonma.gov/245/Health,https://twitter.com/01060Health,,,(413) 587-1214,althdept@northamptonma.gov,212 Main St
Northampton, MA 01060-3112
221,Northborough Health Department,http://www.town.northborough.ma.us/Pages/NorthboroughMA_BOH/index,,,,(508) 393-5009,olt@town.northborough.ma.us,63 Main St
Northborough, MA 01532-1943
222,Northbridge Health Department,http://www.northbridgemass.org/board-of-health,,,,(508) 234-3272,niadek@northbridgemass.org,7 Main St
Whitinsville, MA 01588-2210
223,Northfield Board of Health,,,,,(413) 498-2901 (17),health@townnfld.com,69 Main St
Northfield, MA 01360-1017
224,Norton Health Department,https://www.nortonma.org/board-health,,,,(508) 285-0263,althagent@nortonma.org,70 E Main St
Norton, MA 02766-2310
225,Norwell Health Department,http://www.townofnorwell.net,,,,(781) 659-8016,lynn@townofnorwell.net,345 Main St
Norwell, MA 02061-2449
226,Norwood Board of Health,http://www.norwoodma.gov/departments/health/index.php,,,,(781) 762-1240,alth@norwoodma.gov,566 Washington St
Norwood, MA 02062-2203
227,Oak Bluffs Board of Health,https://www.oakbluffsma.gov/168/Board-of-Health,,,,(508) 693-3554,ancaster@oakbluffsma.gov,PO BOX 1327
Oak Bluffs, MA 02557-1327
228,Oakham Board of Health,http://www.oakham-ma.gov/boards/health.cfm,,,,(508) 882-5549 (320),h@oakham-ma.gov,PO BOX 553
Oakham, MA 01068-0553
229,Orange Board of Health,,,,,(978) 544-1107,rete.orangeboh@gmail.com,135 E Main St
Orange, MA 01364-6421
230,Orleans Health Department,http://www.town.orleans.ma.us,,,,(508) 240-3700 (450),alth@town.orleans.ma.us,19 School Rd
Orleans, MA 02653-3609
231,Otis Health Department,,,,,(413) 269-0101,althdept.otis@gmail.com,PO BOX 237
Otis, MA 01253-0237
232,Oxford Board of Health,http://www.town.oxford.ma.us,,,,(508) 987-6045,h@town.oxford.ma.us,325 Main St
Oxford, MA 01540-1774
233,Palmer Health Department,http://www.townofpalmer.com/Pages/PalmerMA_Health/index,,,,(413) 283-2606,lmerboh@townofpalmer.com,4417 Main St
Palmer, MA 01069-6901
234,Paxton Health Department,,,,,(508) 753-2803,ilby@townofpaxton.net,697 Pleasant St
Paxton, MA 01612-1026
235,Pelham Board of Health,http://www.townofpelham.org/,,,,(413) 253-7129,etcalf@townofware.com,351 Amherst Rd
Pelham, MA 01002-9714
236,Pembroke Board of Health,http://www.pembrokepolice.org/health.htm,,,,(781) 293-2718,ullity@townofpembrokemass.org,100 Center St Ste 2
Pembroke, MA 02359-2299
237,Pepperell Health Department,http://town.pepperell.ma.us,,,,(978) 433-0328,rogan@town.pepperell.ma.us,1 Main St
Pepperell, MA 01463-1650
238,Peru Health Department,,,,,(713) 655-8312,lerieBird@hughes.net,3 E Main Rd
Peru, MA 01235
239,Petersham Health Department,,,,,(978) 724-0057,tershamboh@verizon.net,3 S Main St
Petersham, MA 01366-9755
240,Phillipston Board of Health,,,,,(978) 249-1735,alth@phillipston-ma.gov,50 The Cmn
Phillipston, MA 01331-9736
241,Pittsfield Health Department,,,,,(413) 499-9411,rmstrong@pittsfieldch.com,70 Allen St Ste 204
Pittsfield, MA 01201-6244
242,Plainfield Board of Health,,,,,(413) 634-0321,vio@ninemtn.com,PO BOX 8
Plainfield, MA 01070-0008
243,Plainville Health Department,http://www.plainville.ma.us,,,,508-695-3010 (16),awluczonek@planinville.ma.us,PO BOX 1717
Plainville, MA 02762-0717
244,Plymouth Health Department,http://www.plymouth-ma.gov,,,,(508) 747-1620 (119),orwitz-willis@townhall.plymouth.ma.us,11 Lincoln St
Plymouth, MA 02360-3325
245,Plympton Board of Health,,,,,(781) 585-7000,ymptonboh@comcast.net,5 Palmer Rd
Plympton, MA 02367-1123
246,Princeton Health Department,,,,,(978) 464-2100,ongtine@town.princeton.ma.us,6 Town Hall Dr
Princeton, MA 01541-1129
247,Quabbin Health District,,,,,(413) 967-9615,arlow@townofware.com,126 Main St
Ware, MA 01082-1360
248,Quincy Health Department,http://www.quincyma.gov,,,,(617) 376-1272,cheele@quincyma.gov,440 E Squantum St
Quincy, MA 02171-1505
249,Randolph Health Department,,,,,(781) 961-0924,cveigh@randolph-ma.gov,1 Turner Ln
Randolph, MA 02368-3927
250,Raynham Health Department,,,,,(508) 824-2766,perry@town.raynham.ma.us,558 S Main St
Raynham, MA 02767-1677
251,Reading Health Department,http://www.readingma.gov/public-health-services,,,,(781) 942-6653,lasuk@ci.reading.ma.us,16 Lowell St
Reading, MA 01867-4615
252,Rehoboth Health Department,,,,,(508) 252-3099,rown@town.rehoboth.ma.us,148 Peck St
Rehoboth, MA 02769-3009
253,Revere Health Department,,,,,(781) 286-8176,atinazzo@revere.org,249 Broadway # R
Revere, MA 02151-5029
254,Richmond Health Department,,,,,(413) 698-3355,cretary@richmondma.org,1529 State Rd
Richmond, MA 01254-5094
255,Rochester Township Board of Health,,,,,(508) 763-5421,alega@townofrochester.com,37 Marion Rd
Rochester, MA 02770-4113
256,Rockland Board of Health,,,,,(508) 763-5421,althagent@rockland-ma.gov,37 Marion Rd
Rochester, MA 02770-4113
257,Rockport Health Department,,,,,(978) 546-3701,helan@town.rockport.ma.us,34 Broadway
Rockport, MA 01966-1537
258,Rowe Board of Health,,,,,(413) 339-5520 (16),h@rowe-ma.gov,PO BOX 462
Rowe, MA 01367-0462
259,Rowley Health Department,http://www.town.rowley.ma.us,,,,(978) 948-2231,alth@townofrowley.org,PO BOX 783
Rowley, MA 01969-3783
260,Royalston Board Health Department,,,,,(978) 249-3617,h@townofathol.org,13 The Common
Royalston, MA 01368
261,Russell Health Department,http://www.townofrussell.us/,,,,(413) 862-4791,ssellselectmen@russellma.net,65 Main St
Russell, MA 01071
262,Rutland Board of Health,,,,,(508) 886-4102,pshelf_1@charter.net,250 Main St
Rutland, MA 01543-1300
263,Salem Board of Health,,,,,(978) 741-1800,amdin@salem.com,120 Washington St
Salem, MA 01970-3545
264,Salisbury Health Department,,,,,(978) 462-3430,orris@salisburyma.gov,5 Beach Rd
Salisbury, MA 01952-2056
265,Sandisfield Health Department,,,,,(413) 258-4712,ndisfieldboh@verizon.net,PO BOX 171
Sandisfield, MA 01255-0171
266,Sandwich Health Department,,,,,(508) 888-4200,ason@townofsandwich.net,16 Jan Sebastian Dr
Sandwich, MA 02563-2319
267,Saugus Health Department,,,,,(781) 231-4115,reenbaum@Saugus-MA.gov,298 Central St
Saugus, MA 01906-2120
268,Savoy Health Department,http://www.townofsavoy.org,,,,(413) 743-4290,wnofsavoy@verizon.net,720 Main Rd
Savoy, MA 01256-9387
269,Scituate Health Department,,,,,(781) 545-8725,ullivan@town.scituate.ma.us,600 Chief Justice Cushing Hwy
Scituate, MA 02066-3229
270,Seekonk Health Department,,,,,(508) 336-2950,orsman@seekonk-ma.gov,100 Peck St
Seekonk, MA 02771-5116
271,Sharon Health Department,http://www.townofsharon.net,,,,(781) 784-1500 (1206),allan@townofsharon.org,90 S Main St
Sharon, MA 02067-1954
272,Sheffield Health Department,http://www.town.sheffield.ma.us/health.htm,,,,(413) 229-2335 (157),ughes@sheffieldma.gov,PO BOX 325
Sheffield, MA 01257-0325
273,Shelburne Board of Health,,,,,(413) 625-0300,ardofhealth@townofshelburnema.gov,51 Bridge St
Shelburne Falls, MA 01370-1102
274,Sherborn Health Department,,,,,(508) 651-7852,len.hartnett@sherbornma.org,19 Washington St
Sherborn, MA 01770-1026
275,Shirley Township Board of Health,http://www.shirley-ma.gov,,,,(978) 425-2600 (260),arreffi@nashoba.org,7 Keady Way
Shirley, MA 01464-2630
276,Shrewsbury Health Department,http://www.ci.shrewsbury.ma.us,,,,(508) 841-8512,ahama@worcesterma.gov,100 Maple Ave
Shrewsbury, MA 01545-5338
277,Shutesbury Board of Health,http://shutesbury.org,,,,(413) 259-2122,ardhealth@shutesbury.org,PO BOX 216
Shutesbury, MA 01072-0216
278,Somerset Board of Health,http://www.somersetmass.com,,,,(508) 646-2804,ordell@town.somerset.ma.us,140 Wood St
Somerset, MA 02726-5225
279,Somerville Health and Human Services Department,http://www.somervillema.gov/departments/health,,,,(617) 625-6600 (4310),ress@somervillema.gov,50 Evergreen Ave
Somerville, MA 02145-2819
280,South Hadley Health Department,,,,,(413) 538-5013,althdept@southhadley.org,116 Main St Ste 102
South Hadley, MA 01075-2853
281,Southampton Health Department,,,,,(413) 529-1003,althdirector@townofsouthampton.org,210 College Hwy
Southampton, MA 01073-9003
282,Southborough Health Department,http://southboroughma.com,,,,(508) 481-3013,f@massmed.org,2 Stowe Rd
Southborough, MA 01772-1107
283,Southbridge Health Department,http://www.ci.southbridge.ma.us/BoardHealth.html,,,,(508) 764-5412,elletier@town.auburn.ma.us,41 Elm St
Southbridge, MA 01550-2645
284,Southwick Board of Health,,,,,(413) 569-1212,itzgerald@southwickma.net,454 College Hwy
Southwick, MA 01077-9267
285,Spencer Board of Health,,,,,(508) 885-7541,arvis@spencerma.gov,157 Main St
Spencer, MA 01562-2123
286,Springfield Department of Health and Human Services,,,,,(413) 787-6456,aulton@springfieldcityhall.com,95 State St Ste 201
Springfield, MA 01103-2073
287,Sterling Board of Health,,,,,(978) 422-8111 (2305),avreau@sterling-ma.gov,1 Park St
Sterling, MA 01564-2132
288,Stockbridge Board of Health,,,,,413-243-5540,i-townhealth@aol.com,6 Main St
Stockbridge, MA 01262
289,Stoneham Health Department,,,,,(781) 279-2621,ralick@ci.stoneham.ma.us,35 Central St
Stoneham, MA 02180-2055
290,Stoughton Health Department and Visiting Nurses Association,,,,,(781) 344-7011,ruce@stoughton-ma.gov,10 Pearl St
Stoughton, MA 02072-2364
291,Stow Health Department,,,,,(978) 897-4592,alth2@stow-ma.gov,380 Great Rd
Stow, MA 01775-1122
292,Sturbridge Health Department,https://www.sturbridge.gov/board-health,,,,(508) 347-2504,ardofhealth@town.sturbridge.ma.us,301 Main ST
Sturbridge, MA 01566-1006
293,Sudbury Health Department,http://www.town.sudbury.ma.us,,,,978440-5479,rphyb@sudbury.ma.us,275 Old Lancaster Rd
Sudbury, MA 01776-2274
294,Sunderland Board of Health,,,,,(413) 665-1441,ardofhealth@townofsunderland.us,12 School St
Sunderland, MA 01375-9503
295,Sutton Health Department,,,,,(508) 865-8724,rawinski@town.sutton.ma.us,4 Uxbridge Rd
Sutton, MA 01590-1702
296,Swampscott Health Department,,,,,(781) 596-8864,aughan@town.swampscott.ma.us,22 Monument Ave
Swampscott, MA 01907-1977
297,Swansea Board of Health,,,,,(508) 324-6704,arvalho@town.swansea.ma.us,68 Stevens Rd
Swansea, MA 02777-4706
298,Taunton Board of Health,,,,,(508) 821-1400,allant@taunton-ma.gov,45 School St
Taunton, MA 02780-3212
299,Templeton Health Department,http://www.templeton1.org,,,,(978) 894-2771,alth@templeton1.org,2 School St
Baldwinville, MA 01436-1364
300,Tewksbury Board of Health,http://www.tewksbury.info,,,,(978) 640-4470 (231),alth@tewksbury-ma.gov,175 Chandler St
Tewksbury, MA 01876-1903
301,Tisbury Board of Health,,,,,(508) 696-4290,alley@tisburyma.gov,PO BOX 666
Vineyard Haven, MA 02568-0666
302,Tolland Health Department,,,,,(413) 258-4794,lerieBird@hughes.net,241 W Granville Rd
Granville, MA 01034-9543
303,Topsfield Board of Health,http://www.topsfield-ma.gov,,,,978-887-1520,oulon@topsfield-ma.gov,461 Boston ST Ste E6
Topsfield, MA 01983-1237
304,Town of Dennis,http://www.town.dennis.ma.us,,,,(508) 760-6158,eller@town.dennis.ma.us,685 Route 134
South Dennis, MA 02660
305,Town of Provincetown Board of Health,http://www.provincetowngov.org,,,,(508) 487-7000,lark@provincetown-ma.gov,260 Commercial St
Provincetown, MA 02657-2213
306,Townsend Board of Health,,,,,(978) 597-1713,alter@townsend.ma.us,272 Main St
Townsend, MA 01469-1519
307,Tri-Town Health District,http://www.townoflenox.com/Public_Documents/LenoxMA_Health/S001300DA-00130107,,,,(413) 243-5540,m@tritownhealth.org,45 Railroad St
Lee, MA 01238-1639
308,Truro Health Department,,,,,(508) 349-7004 (32),eebe@truro-ma.gov,PO BOX 2030
Truro, MA 02666-2030
309,Tyngsborough Board of Health,,,,,(978) 649-2300 (118),errari@tyngsboroughma.gov,25 Bryant Ln
Tyngsboro, MA 01879-1042
310,Tyringham Board of Health,,,,,(413) 243-1749,wnhall@bcn.net,PO BOX 416
Tyringham, MA 01264-0416
311,Upton Health Department,,,,,(508) 529-6813,arent@uptonma.gov,1 Main St
Upton, MA 01568-1686
312,Uxbridge Health Department,,,,,(508) 278-8600,ard.health@uxbridge-ma.gov,21 S Main St
Uxbridge, MA 01569-1851
313,Wakefield Health Department,,,,,(781) 246-6375,lay@wakefield.ma.us,1 Lafayette St
Wakefield, MA 01880-2372
314,Wales Health Department,,,,,(413) 245-7571 (105),alth@townofwales.net,PO BOX 107
Wales, MA 01081-0107
315,Walpole Health Department,http://www.walpole-ma.gov,https://twitter.com/RobinChapell,,,(508) 660-7321,hapell@walpole-ma.gov,135 School St
Walpole, MA 02081-2837
316,Waltham Department of Health,,,,,(781) 314-3305,weder@city.waltham.ma.us,119 School St
Waltham, MA 02451-4596
317,Ware Board of Health,http://www.warema.virtualtownhall.net,,,,413-967-9615,arlow@townofware.com,126 Main St
Ware, MA 01082-1360
318,Wareham Health Department,,,,,(508) 291-3100 (3197),thier@wareham.ma.us,54 Marion Rd
Wareham, MA 02571-1428
319,Warren Health Department,,,,,(413) 436-5708 (112),rney@warren-ma.gov,PO BOX 478
Warren, MA 01083-0478
320,Warwick Board of Health,,,,,(978) 544-6315,rwick_ma@lycos.com,12 Athol Rd
Warwick, MA 01378-9301
321,Washington Health Department,,,,,(413) 623-2247,,8 Summit Hill Rd
Becket, MA 01223-9627
322,Watertown Health Department,,,,,(617) 972-6446,ard@watertown-ma.gov,149 Main St Bldg Administrative
Watertown, MA 02472-4410
323,Wayland Health Department,,,,,(508) 358-3617,unghanns@wayland.ma.us,41 Cochituate Rd
Wayland, MA 01778-2604
324,Webster Health Department,,,,,(508) 949-3800 (4002),alth.department@webster-ma.gov,350 Main St
Webster, MA 01570-2292
325,Wellesley Health Department,http://www.wellesleyma.gov,,,,(781) 235-0135,zzo@wellesleyma.gov,90 Washington St
Wellesley Hills, MA 02481-3238
326,Wellfleet Health Department,,,,,(508) 349-0308,llary.lemos@wellfleet-ma.gov,220 W Main St
Wellfleet, MA 02667-7209
327,Wendell Health Department,,,,,(978) 544-3395,ordinator@wendellmass.us,PO BOX 41
Wendell, MA 01379-0041
328,Wenham Health Department,,,,,(978) 468-5522,acobi@wenham.gov,138 Main St
Wenham, MA 01984-1555
329,West Boylston Board of Health,,,,,(508) 835-4710,ard@westboylston-ma.gov,140 Worcester Street
West Boylston, MA 01583-2466
330,West Bridgewater Health Department,,,,,(508) 894-1209,reen@wbridgewater.com,65 N Main St
West Bridgewater, MA 02379-1799
331,West Brookfield Health Department,,,,,(508) 867-1421 (310),llen@wbrookfield.com,2 E Main St
West Brookfield, MA 01585
332,West Newbury Board of Health,,,,,(978) 363-1100 (119),evigny@town.west-newbury.ma.us,381 Main St
West Newbury, MA 01985-1450
333,West Springfield Health Department,http://www.west-springfield.ma.us,,,,(413) 263-3206,alloway@tows.org,26 Central St Ste 18
West Springfield, MA 01089-2753
334,West Stockbridge Board of Health,,,,,(413) 232-0300 (314),ardofHealth@weststockbridge-ma.gov,PO BOX 81
West Stockbridge, MA 01266-0081
335,West Tisbury Board of Health,,,,,(508) 696-0105,h@westtisbury-ma.gov,1059 State Rd
Vineyard Haven, MA 02568
336,Westborough Health Department,http://www.gis.net/~westboh,,,,(508) 366-3045,accari@town.westborough.ma.us,45 W Main St Ste 25
Westborough, MA 01581-1916
337,Westfield Health Department,http://www.cityofwestfield.org/detpages/departments176.html,,,,(413) 572-6210,rouse@cityofwestfield.org,59 Court St
Westfield, MA 01085-3520
338,Westford Board of Health,http://www.westfordma.gov/health,,,,(978) 692-5509,tephens@westfordma.gov,55 Main St
Westford, MA 01886-2551
339,Westhampton Health Department,,,,,(413) 527-9791,ynn01027@aol.com,1 South Rd
Easthampton, MA 01027-9661
340,Westminster Board of Health,,,,,(978) 874-7409,wedberg@westminster-ma.gov,11 South St
Westminster, MA 01473-1534
341,Weston Health Department,http://www.weston.org/,,,,(781) 893-7320 (332),otalevi.w@westonmass.org,PO BOX 378
Weston, MA 02493-0002
342,Westport Health Department,http://www.westport-ma.com/health/index.html,,,,(508) 636-1015,alth@westport-ma.gov,856 Main Rd
Westport, MA 02790-4311
343,Westwood Board of Health/Health Department,http://www.townhall.westwood.ma.us,,,,(781) 320-1026,hea@townhall.westwood.ma.us,50 Carby ST
Westwood, MA 02090-1004
344,Weymouth Health Department,http://www.weymouth.ma.us/health,,,,(781) 340-5008,ccormack@weymouth.ma.us,75 Middle St
East Weymouth, MA 02189-1359
345,Whitman Health Department,http://www.whitman-ma.gov/health.htm,,,,(781) 618-9755,alth@Whitman-MA.gov,PO BOX 426
Whitman, MA 02382-0426
346,Wilbraham Board of Health,http://www.wilbraham-ma.gov/Pages/WilbrahamMA_BComm/boh,,,,(413) 596-2800,aumond@willbraham-ma.gov,240 Springfield St
Wilbraham, MA 01095-2257
347,Williamstown Board of Health,http://s230494718.onlinehome.us/?page_id=22,,,,(413) 458-9344,ennedy@williamstown.gov,31 North St
Williamstown, MA 01267-2003
348,Wilmington Board of Health,http://www.healthywilmingtoncoalition.org/boh/,,,,(978) 658-4298,h@wilmingtonma.gov,121 Glen Rd
Wilmington, MA 01887-3500
349,Winchendon Health Department,http://www.townofwinchendon.com/index.html,,,,(978) 297-3537 (5),bare@townofwinchendon.com,109 Front St
Winchendon, MA 01475-1758
350,Winchester Board of Health,http://www.winchestermass.org/healthdept.html,,,,(781) 721-7121,nmurphy@winchester.us,71 Mount Vernon St
Winchester, MA 01890-2706
351,Windsor Health Department,,,,,(413) 454-5161,ird113@gmail.com,113 Hinsdale Rd
Windsor, MA 01270-9688
352,Winthrop Health Department,http://www.town.winthrop.ma.us,,,,(617) 846-1740,urley@town.winthrop.ma.us,45 Pauline Street
Winthrop, MA 02152-3159
353,Woburn Board of Health,http://woburnma.gov,,,,(781) 897-5922,oherty@cityofwoburn.com,10 Common ST
Woburn, MA 01801-4164
354,Worthington Health Department,http://www.worthington-ma.us,,,,(413) 238-5593,ardofhealth@worthington-ma.us,PO BOX 247
Worthington, MA 01098-0247
355,Wrentham Board of Health,http://www.wrentham.ma.us,,,,(508) 384-5480,dkarni@gis.net,79 South St Fl 1
Wrentham, MA 02093-1526
356,Yarmouth Health Department,,,,,(508) 398-2231 (241),urphy@yarmouth.ma.us,1146 Route 28
South Yarmouth, MA 02664-4463
